race,hiring_rate
Asian,0.3333333333333333
Black,0.3333333333333333
Hispanic,0.0
White,1.0
